P,Concert Grand,0.13156,0.6581
P,Bright Grand,0.09683,0.6461
P,Warm Grand,0.18343,0.7288
P,Jazz Grand,0.12542,0.6385
P,Rock Piano,0.07875,0.5870
P,Ballad Grand,0.22824,0.7126
P,Honky Tonk,0.07391,0.5162
P,Upright Piano,0.13081,0.7051
P,Felt Piano,0.24313,0.7396
P,Dark Grand,0.18002,0.6720
P,Stage Grand,0.08690,0.5501
P,Lo-Fi Keys,0.13809,0.6761
P,Ambient Grand,0.30400,0.7397
P,Classic Tine,0.18037,0.6668
P,Suitcase Tine,0.17423,0.7397
P,Bright Tine,0.13076,0.5678
P,Mellow Tine,0.19367,0.6120
P,Phaser Tine,0.17660,0.6208
P,Dyno Tine,0.12538,0.6607
P,Reed Piano,0.24444,0.6835
P,Reed Drive,0.38168,0.7397
P,Reed Tremolo,0.17309,0.6007
P,Pianet Keys,0.14850,0.5975
P,FM E.Piano,0.13261,0.6140
P,Clavi,0.06656,0.7397
P,Harpsichord,0.06915,0.7397
P,Digital Piano,0.18452,0.6486
P,Concert Grand Hall,0.18906,0.6521
P,Bright Grand Hall,0.14209,0.6415
P,Warm Grand Hall,0.25582,0.7397
P,Jazz Grand Hall,0.20117,0.6573
P,Rock Piano Hall,0.10942,0.5893
P,Ballad Grand Hall,0.23090,0.7147
P,Honky Tonk Hall,0.12434,0.5214
P,Upright Piano Hall,0.19538,0.7052
P,Felt Piano Hall,0.28516,0.7397
P,Dark Grand Hall,0.25421,0.7397
P,Stage Grand Hall,0.12231,0.4868
P,Lo-Fi Keys Hall,0.20822,0.7015
P,Ambient Grand Hall,0.29119,0.7397
P,Classic Tine Hall,0.25292,0.7397
P,Suitcase Tine Hall,0.23738,0.7397
P,Bright Tine Hall,0.17383,0.6531
P,Mellow Tine Hall,0.26958,0.7350
P,Phaser Tine Hall,0.24043,0.7289
P,Dyno Tine Hall,0.16505,0.6892
P,Reed Piano Hall,0.30216,0.7397
P,Reed Drive Hall,0.34200,0.7397
P,Reed Tremolo Hall,0.25775,0.7397
P,Pianet Keys Hall,0.22465,0.7361
P,FM E.Piano Hall,0.21068,0.7122
P,Clavi Hall,0.11715,0.7397
P,Harpsichord Hall,0.13238,0.7397
P,Digital Piano Hall,0.26115,0.7397
P,Concert Grand Room,0.11626,0.6546
P,Bright Grand Room,0.08567,0.6427
P,Warm Grand Room,0.16059,0.7308
P,Jazz Grand Room,0.12212,0.6431
P,Rock Piano Room,0.06896,0.5873
P,Ballad Grand Room,0.14129,0.6629
P,Honky Tonk Room,0.07009,0.5096
P,Upright Piano Room,0.12164,0.7046
P,Felt Piano Room,0.18731,0.7392
P,Dark Grand Room,0.15750,0.6736
P,Full Drawbars,0.19768,0.6646
P,Jazz Organ,0.26998,0.6541
P,Gospel Organ,0.31039,0.6962
P,Rock Organ,0.34354,0.6215
P,Ballad Organ,0.28017,0.6481
P,Soul Organ,0.26383,0.6508
P,Flute Stop 8',0.13124,0.3701
P,Mellow 16+8,0.27942,0.5999
P,Whiter Shade,0.24801,0.7211
P,Bright Top,0.19905,0.6598
P,Blues Organ,0.35299,0.6787
P,Reggae Bubble,0.27706,0.7224
P,Theatre Organ,0.12973,0.4746
P,Pipe Organ Full,0.28612,0.7397
P,Pipe Flutes,0.30852,0.7397
P,Reed Pipes,0.25105,0.7397
P,Positive Organ,0.25963,0.7397
P,Combo Organ,0.30890,0.7397
P,Transistor Organ,0.20156,0.6419
P,Funky Perc,0.21874,0.5045
P,Ethereal Organ,0.25905,0.7397
P,Full Drawbars Fast Rotor,0.19847,0.7052
P,Jazz Organ Fast Rotor,0.25985,0.6755
P,Gospel Organ Fast Rotor,0.29659,0.6845
P,Rock Organ Fast Rotor,0.35886,0.6935
P,Ballad Organ Fast Rotor,0.26011,0.6407
P,Soul Organ Fast Rotor,0.25528,0.7312
P,Flute Stop 8' Fast Rotor,0.20115,0.5265
P,Mellow 16+8 Fast Rotor,0.25489,0.6461
P,Whiter Shade Fast Rotor,0.25998,0.7115
P,Bright Top Fast Rotor,0.19739,0.7105
P,Blues Organ Fast Rotor,0.35639,0.6768
P,Reggae Bubble Fast Rotor,0.24091,0.6846
P,Theatre Organ Fast Rotor,0.20832,0.6865
P,Funky Perc Fast Rotor,0.22514,0.5395
P,Ethereal Organ Fast Rotor,0.26376,0.7397
P,Full Drawbars Dirty,0.18195,0.6076
P,Jazz Organ Dirty,0.22670,0.6221
P,Gospel Organ Dirty,0.30205,0.6535
P,Rock Organ Dirty,0.35327,0.7064
P,Ballad Organ Dirty,0.22229,0.5001
P,Soul Organ Dirty,0.22423,0.5964
P,Flute Stop 8' Dirty,0.19239,0.5094
P,Mellow 16+8 Dirty,0.23615,0.5295
P,Whiter Shade Dirty,0.21894,0.5888
P,Bright Top Dirty,0.18513,0.6344
P,Blues Organ Dirty,0.35477,0.6949
P,Reggae Bubble Dirty,0.22626,0.6364
P,Theatre Organ Dirty,0.19844,0.5927
P,Funky Perc Dirty,0.20937,0.4509
P,Ethereal Organ Dirty,0.23882,0.7397
P,Full Drawbars Perc,0.19018,0.7143
P,Jazz Organ Perc,0.26975,0.7254
P,Gospel Organ Perc,0.30455,0.7041
P,Rock Organ Perc,0.34872,0.6663
P,Ballad Organ Perc,0.28507,0.6348
P,Soul Organ Perc,0.27775,0.7066
P,Flute Stop 8' Perc,0.12936,0.3535
P,Mellow 16+8 Perc,0.27929,0.5529
P,Whiter Shade Perc,0.26468,0.7263
P,Bright Top Perc,0.19718,0.6926
P,Blues Organ Perc,0.35782,0.6536
P,Reggae Bubble Perc,0.29379,0.7397
P,Theatre Organ Perc,0.14706,0.5635
P,Tubular Bells,0.26213,0.7397
P,Glockenspiel,0.11048,0.6509
P,Vibraphone,0.11193,0.5747
P,Marimba,0.07752,0.5801
P,Xylophone,0.05227,0.5294
P,Kalimba,0.07171,0.7397
P,Music Box,0.11298,0.6650
P,Celesta,0.11576,0.6127
P,Steel Drum,0.10389,0.5498
P,Crotales,0.13913,0.6101
P,Church Bell,0.28331,0.7397
P,Glass Bells,0.13265,0.6091
P,Digital Bell,0.06447,0.4039
P,Ring Bell,0.12679,0.5719
P,Toy Piano,0.08909,0.6443
P,Wood Block,0.03269,0.4543
P,Gamelan,0.14618,0.6181
P,Bowl Chime,0.27825,0.7397
P,Bell Pad,0.28171,0.7397
P,Mallet Pluck,0.07275,0.7154
P,Tubular Bells Hall,0.26720,0.7397
P,Glockenspiel Hall,0.18003,0.6858
P,Vibraphone Hall,0.17250,0.6566
P,Marimba Hall,0.12504,0.5859
P,Xylophone Hall,0.09062,0.5342
P,Kalimba Hall,0.13309,0.7397
P,Music Box Hall,0.18635,0.7397
P,Celesta Hall,0.17796,0.7132
P,Steel Drum Hall,0.15955,0.6309
P,Crotales Hall,0.18546,0.7397
P,Church Bell Hall,0.27002,0.7397
P,Glass Bells Hall,0.14837,0.6445
P,Digital Bell Hall,0.09947,0.4547
P,Ring Bell Hall,0.20230,0.7397
P,Toy Piano Hall,0.15178,0.6981
P,Wood Block Hall,0.05649,0.4549
P,Gamelan Hall,0.22308,0.7397
P,Bowl Chime Hall,0.26579,0.7397
P,Bell Pad Hall,0.29114,0.7397
P,Mallet Pluck Hall,0.11505,0.7397
P,Tubular Bells Echo,0.26358,0.7397
P,Glockenspiel Echo,0.11776,0.6586
P,Vibraphone Echo,0.13289,0.6494
P,Marimba Echo,0.08044,0.5797
P,Xylophone Echo,0.05383,0.5294
P,Kalimba Echo,0.07086,0.7397
P,Music Box Echo,0.11942,0.6649
P,Celesta Echo,0.12196,0.6127
P,Steel Drum Echo,0.10886,0.5499
P,Crotales Echo,0.14262,0.6101
P,Church Bell Echo,0.28359,0.7397
P,Glass Bells Echo,0.13218,0.5989
P,Digital Bell Echo,0.07099,0.3848
P,Ring Bell Echo,0.12672,0.6215
P,Toy Piano Echo,0.09158,0.6445
P,Wood Block Echo,0.03369,0.4545
P,Gamelan Echo,0.15189,0.6181
P,Bowl Chime Echo,0.28078,0.7397
P,Bell Pad Echo,0.28378,0.7397
P,Mallet Pluck Echo,0.06219,0.7397
P,Tubular Bells Space,0.26690,0.7397
P,Glockenspiel Space,0.18164,0.6856
P,Vibraphone Space,0.17428,0.6543
P,Marimba Space,0.12697,0.5845
P,Full Strings,0.19747,0.6483
P,Chamber Strings,0.23444,0.7397
P,Slow Strings,0.12287,0.6394
P,Tremolo Strings,0.16337,0.6417
P,Spiccato,0.03704,0.3914
P,Octave Strings,0.20445,0.7397
P,Violin Solo,0.11073,0.3970
P,Cello Solo,0.10990,0.3308
P,Pizzicato,0.10505,0.7385
P,String Machine,0.13004,0.4608
P,Analog Strings,0.13820,0.6107
P,Bowed String,0.16170,0.6234
P,Synth Strings,0.24986,0.7397
P,Dark Strings,0.22610,0.7397
P,Marcato Strings,0.25092,0.7397
P,Hybrid Strings,0.15755,0.6188
P,Full Strings Hall,0.21294,0.7397
P,Chamber Strings Hall,0.28712,0.7397
P,Slow Strings Hall,0.12476,0.6114
P,Tremolo Strings Hall,0.19966,0.7153
P,Spiccato Hall,0.05161,0.4012
P,Octave Strings Hall,0.22819,0.7397
P,Violin Solo Hall,0.12601,0.5831
P,Cello Solo Hall,0.12808,0.4253
P,Pizzicato Hall,0.13590,0.7397
P,String Machine Hall,0.15317,0.5531
P,Analog Strings Hall,0.14913,0.6152
P,Bowed String Hall,0.22420,0.7397
P,Synth Strings Hall,0.26936,0.7397
P,Dark Strings Hall,0.25481,0.7397
P,Marcato Strings Hall,0.26109,0.7397
P,Hybrid Strings Hall,0.16658,0.6037
P,Full Strings Slow,0.15656,0.6514
P,Chamber Strings Slow,0.19763,0.7157
P,Tremolo Strings Slow,0.15736,0.6784
P,Spiccato Slow,0.12046,0.5598
P,Octave Strings Slow,0.17983,0.7021
P,Violin Solo Slow,0.12046,0.4437
P,Cello Solo Slow,0.09082,0.3184
P,Pizzicato Slow,0.01256,0.0619
P,String Machine Slow,0.11187,0.4636
P,Analog Strings Slow,0.12110,0.4819
P,Bowed String Slow,0.12136,0.6234
P,Synth Strings Slow,0.20114,0.7397
P,Dark Strings Slow,0.21363,0.7397
P,Marcato Strings Slow,0.18484,0.7182
P,Hybrid Strings Slow,0.13569,0.6269
P,Full Strings Dark,0.16382,0.5968
P,Chamber Strings Dark,0.19285,0.6806
P,Slow Strings Dark,0.11376,0.5512
P,Tremolo Strings Dark,0.15104,0.6369
P,Spiccato Dark,0.03522,0.3438
P,Octave Strings Dark,0.18198,0.6959
P,Violin Solo Dark,0.11221,0.3558
P,Cello Solo Dark,0.11721,0.3675
P,Pizzicato Dark,0.07995,0.7397
P,String Machine Dark,0.14897,0.5355
P,Analog Strings Dark,0.12240,0.4279
P,Bowed String Dark,0.14937,0.5457
P,Synth Strings Dark,0.22643,0.7208
P,Dark Strings Dark,0.22181,0.7168
P,Marcato Strings Dark,0.24440,0.7397
P,Hybrid Strings Dark,0.16786,0.6127
P,Full Strings Bright,0.19526,0.6804
P,Choir Aahs,0.17802,0.7397
P,Choir Oohs,0.18322,0.6762
P,Vox Pad,0.09508,0.5432
P,Angels,0.18782,0.7397
P,Breathy Pad,0.17182,0.7009
P,Female Vox,0.18875,0.6659
P,Male Choir,0.14326,0.5488
P,Morph Choir,0.16625,0.6887
P,Air Pad,0.12536,0.7034
P,Glass Air,0.20854,0.7397
P,Whisper,0.16107,0.6955
P,Doo Vox,0.11820,0.4118
P,Ethereal Voices,0.11085,0.5325
P,Gregorian,0.18248,0.5881
P,Pop Vox,0.14171,0.5213
P,Breath Flute Air,0.31077,0.7397
P,Choir Aahs Space,0.20333,0.7397
P,Choir Oohs Space,0.22221,0.7397
P,Vox Pad Space,0.11491,0.5756
P,Angels Space,0.20144,0.7397
P,Breathy Pad Space,0.22536,0.7397
P,Female Vox Space,0.22417,0.7353
P,Male Choir Space,0.18746,0.7330
P,Morph Choir Space,0.19456,0.7054
P,Air Pad Space,0.13049,0.6752
P,Glass Air Space,0.22482,0.7397
P,Whisper Space,0.19080,0.7397
P,Doo Vox Space,0.16531,0.5494
P,Ethereal Voices Space,0.10515,0.5823
P,Gregorian Space,0.19698,0.6842
P,Pop Vox Space,0.18398,0.7052
P,Breath Flute Air Space,0.26811,0.7397
P,Choir Aahs Hall,0.20210,0.7397
P,Choir Oohs Hall,0.23034,0.7397
P,Vox Pad Hall,0.13033,0.6218
P,Angels Hall,0.20943,0.7397
P,Breathy Pad Hall,0.23903,0.7397
P,Female Vox Hall,0.23958,0.7397
P,Male Choir Hall,0.17795,0.7035
P,Morph Choir Hall,0.18256,0.7397
P,Air Pad Hall,0.12610,0.6565
P,Glass Air Hall,0.22370,0.7397
P,Whisper Hall,0.18960,0.7360
P,Doo Vox Hall,0.14563,0.5037
P,Ethereal Voices Hall,0.10739,0.6066
P,Gregorian Hall,0.20969,0.7397
P,Pop Vox Hall,0.17126,0.6904
P,Breath Flute Air Hall,0.28122,0.7397
P,Choir Aahs Dark,0.17333,0.6708
P,Choir Oohs Dark,0.18554,0.7106
P,Vox Pad Dark,0.11349,0.5661
P,Angels Dark,0.17820,0.6073
P,Breathy Pad Dark,0.18618,0.6478
P,Female Vox Dark,0.21302,0.7120
P,Male Choir Dark,0.16217,0.5804
P,Morph Choir Dark,0.18534,0.6588
P,Air Pad Dark,0.15521,0.7397
P,Glass Air Dark,0.20282,0.7397
P,Whisper Dark,0.16930,0.6718
P,Doo Vox Dark,0.13485,0.5241
P,Ethereal Voices Dark,0.09920,0.6026
P,Gregorian Dark,0.18863,0.6857
P,Pop Vox Dark,0.13965,0.5417
P,Breath Flute Air Dark,0.27708,0.7397
P,Synth Brass,0.19058,0.6099
P,Poly Brass,0.13431,0.4572
P,Brass Stab,0.04353,0.4407
P,Jump Brass,0.24528,0.7397
P,Brass Swell,0.16541,0.6421
P,Fat Brass,0.18457,0.6086
P,Section Brass,0.17287,0.6097
P,Trumpet,0.08866,0.3510
P,Trombone,0.07571,0.3104
P,French Horns,0.18446,0.6103
P,Tuba,0.09733,0.2469
P,FM Brass,0.26568,0.7397
P,Horn Section,0.12712,0.4407
P,Twin Brass,0.18584,0.5776
P,Analog Horns,0.26128,0.7395
P,Synth Brass Hall,0.23719,0.7029
P,Poly Brass Hall,0.20596,0.5990
P,Brass Stab Hall,0.06447,0.4134
P,Jump Brass Hall,0.28638,0.7397
P,Brass Swell Hall,0.18962,0.7222
P,Fat Brass Hall,0.22403,0.7397
P,Section Brass Hall,0.22883,0.7397
P,Trumpet Hall,0.10142,0.3940
P,Trombone Hall,0.10908,0.3803
P,French Horns Hall,0.20821,0.7397
P,Tuba Hall,0.09559,0.3019
P,FM Brass Hall,0.28109,0.7397
P,Horn Section Hall,0.17419,0.6215
P,Twin Brass Hall,0.28919,0.7397
P,Analog Horns Hall,0.29195,0.7397
P,Synth Brass Bright,0.18644,0.6407
P,Poly Brass Bright,0.16119,0.4830
P,Brass Stab Bright,0.03777,0.3306
P,Jump Brass Bright,0.25342,0.7397
P,Brass Swell Bright,0.15313,0.5996
P,Fat Brass Bright,0.19068,0.6338
P,Section Brass Bright,0.17187,0.6306
P,Trumpet Bright,0.10336,0.3868
P,Trombone Bright,0.07302,0.3164
P,French Horns Bright,0.20281,0.6636
P,Tuba Bright,0.08301,0.2344
P,FM Brass Bright,0.26955,0.7397
P,Horn Section Bright,0.12714,0.4550
P,Twin Brass Bright,0.21119,0.6059
P,Analog Horns Bright,0.25916,0.7397
P,Synth Brass Dark,0.17092,0.5634
P,Poly Brass Dark,0.13000,0.3903
P,Brass Stab Dark,0.02641,0.2833
P,Jump Brass Dark,0.23488,0.7198
P,Brass Swell Dark,0.16688,0.5696
P,Fat Brass Dark,0.18073,0.5916
P,Section Brass Dark,0.17125,0.5715
P,Trumpet Dark,0.07547,0.2949
P,Trombone Dark,0.09011,0.2996
P,French Horns Dark,0.18546,0.6380
P,Tuba Dark,0.09056,0.2310
P,FM Brass Dark,0.25127,0.7397
P,Horn Section Dark,0.11795,0.4348
P,Twin Brass Dark,0.18843,0.5774
P,Analog Horns Dark,0.24083,0.7183
P,Synth Brass Stack,0.18612,0.6303
P,Poly Brass Stack,0.14937,0.5601
P,Brass Stab Stack,0.03704,0.4505
P,Jump Brass Stack,0.24806,0.7397
P,Flute,0.10257,0.3081
P,Pan Flute,0.32444,0.7397
P,Clarinet,0.19488,0.4303
P,Oboe,0.07768,0.3067
P,Bassoon,0.08283,0.2398
P,Alto Sax,0.16078,0.4455
P,Tenor Sax,0.16478,0.5176
P,Harmonica,0.34177,0.7397
P,Accordion,0.25752,0.7397
P,Musette,0.21568,0.6829
P,Recorder,0.19225,0.5220
P,Shakuhachi,0.14507,0.5294
P,FM Clarinet,0.11910,0.3295
P,Breathy Reed,0.06958,0.2151
P,Bagpipe Drone,0.18348,0.5776
P,Ocarina,0.14198,0.2998
P,Flute Hall,0.13135,0.3475
P,Pan Flute Hall,0.32518,0.7397
P,Clarinet Hall,0.19070,0.5389
P,Oboe Hall,0.09820,0.3841
P,Bassoon Hall,0.10522,0.3680
P,Alto Sax Hall,0.19317,0.5947
P,Tenor Sax Hall,0.18471,0.6246
P,Harmonica Hall,0.29744,0.7397
P,Accordion Hall,0.28614,0.7397
P,Musette Hall,0.26212,0.7397
P,Recorder Hall,0.16217,0.5524
P,Shakuhachi Hall,0.18511,0.7094
P,FM Clarinet Hall,0.15182,0.4992
P,Breathy Reed Hall,0.09590,0.2977
P,Bagpipe Drone Hall,0.25560,0.7397
P,Ocarina Hall,0.07932,0.2116
P,Flute Room,0.11152,0.2105
P,Pan Flute Room,0.27619,0.7397
P,Clarinet Room,0.17737,0.3168
P,Oboe Room,0.07324,0.2736
P,Bassoon Room,0.10740,0.2803
P,Alto Sax Room,0.16914,0.4209
P,Tenor Sax Room,0.20840,0.4495
P,Harmonica Room,0.46658,0.7397
P,Accordion Room,0.24275,0.6962
P,Musette Room,0.18827,0.6251
P,Recorder Room,0.09662,0.2341
P,Shakuhachi Room,0.12647,0.2544
P,FM Clarinet Room,0.11826,0.3046
P,Breathy Reed Room,0.13122,0.2707
P,Bagpipe Drone Room,0.18607,0.6096
P,Ocarina Room,0.14031,0.2595
P,Flute Dark,0.13638,0.3568
P,Pan Flute Dark,0.32301,0.7397
P,Clarinet Dark,0.17067,0.3733
P,Oboe Dark,0.06066,0.2494
P,Bassoon Dark,0.08025,0.2391
P,Alto Sax Dark,0.14994,0.4541
P,Tenor Sax Dark,0.14197,0.4312
P,Harmonica Dark,0.30754,0.7397
P,Accordion Dark,0.25270,0.7224
P,Musette Dark,0.22114,0.6948
P,Recorder Dark,0.13211,0.4089
P,Shakuhachi Dark,0.15937,0.5841
P,FM Clarinet Dark,0.11492,0.3172
P,Breathy Reed Dark,0.11273,0.2935
P,Bagpipe Drone Dark,0.18989,0.5888
P,Ocarina Dark,0.14023,0.2953
P,Nylon Guitar,0.09479,0.7397
P,Steel Guitar,0.10396,0.7397
P,12-String,0.08951,0.7397
P,Jazz Guitar,0.07717,0.7397
P,Muted Guitar,0.05782,0.7397
P,Clean Electric,0.07428,0.7397
P,Crunch Guitar,0.35612,0.7397
P,Lead Guitar,0.43224,0.7397
P,Power Chords,0.37425,0.7397
P,Concert Harp,0.13931,0.7397
P,Koto,0.08053,0.7397
P,Sitar,0.12553,0.7397
P,Banjo,0.07599,0.7397
P,Mandolin,0.07486,0.7397
P,Dulcimer,0.09490,0.7397
P,Oud,0.10536,0.7397
P,Shamisen,0.06780,0.7397
P,Funk Guitar,0.08679,0.7397
P,Ambient Guitar,0.17673,0.7136
P,Nylon Guitar Hall,0.18590,0.7397
P,Steel Guitar Hall,0.17829,0.7397
P,12-String Hall,0.13740,0.7397
P,Jazz Guitar Hall,0.16273,0.7187
P,Muted Guitar Hall,0.11625,0.7397
P,Clean Electric Hall,0.13276,0.7397
P,Crunch Guitar Hall,0.34242,0.7397
P,Lead Guitar Hall,0.34053,0.7397
P,Power Chords Hall,0.34110,0.7397
P,Concert Harp Hall,0.19324,0.7397
P,Koto Hall,0.17186,0.7397
P,Sitar Hall,0.21366,0.7397
P,Banjo Hall,0.15522,0.7397
P,Mandolin Hall,0.15383,0.7397
P,Dulcimer Hall,0.18535,0.7397
P,Oud Hall,0.18157,0.7397
P,Shamisen Hall,0.13779,0.7397
P,Funk Guitar Hall,0.17854,0.7397
P,Ambient Guitar Hall,0.18469,0.7397
P,Nylon Guitar Chorus,0.10250,0.7397
P,Steel Guitar Chorus,0.08322,0.7397
P,12-String Chorus,0.08463,0.7397
P,Jazz Guitar Chorus,0.06997,0.7055
P,Muted Guitar Chorus,0.04644,0.7053
P,Clean Electric Chorus,0.07616,0.7397
P,Crunch Guitar Chorus,0.31484,0.7397
P,Lead Guitar Chorus,0.36375,0.7397
P,Power Chords Chorus,0.31253,0.7397
P,Concert Harp Chorus,0.10505,0.6141
P,Koto Chorus,0.07092,0.7397
P,Sitar Chorus,0.10387,0.7397
P,Banjo Chorus,0.07294,0.7397
P,Mandolin Chorus,0.06692,0.7397
P,Dulcimer Chorus,0.08625,0.7397
P,Oud Chorus,0.09248,0.7397
P,Shamisen Chorus,0.06618,0.7397
P,Funk Guitar Chorus,0.07475,0.7397
P,Ambient Guitar Chorus,0.18429,0.7397
P,Nylon Guitar Echo,0.10266,0.7397
P,Steel Guitar Echo,0.10020,0.7397
P,12-String Echo,0.08672,0.7397
P,Jazz Guitar Echo,0.08730,0.7336
P,Muted Guitar Echo,0.05775,0.7397
P,Clean Electric Echo,0.07454,0.7362
P,Crunch Guitar Echo,0.34430,0.7397
P,Classic Synth Bass,0.11333,0.2407
P,Sub Bass,0.14481,0.3089
P,Acid Bass,0.05173,0.1753
P,Reese Bass,0.12148,0.3129
P,Pluck Bass,0.02099,0.2317
P,Fat Bass,0.10299,0.2060
P,Square Bass,0.09820,0.1980
P,Wobble Bass,0.07764,0.1841
P,FM Bass,0.08210,0.2003
P,Slap Bass,0.05944,0.2002
P,Finger Bass,0.03930,0.4399
P,Pick Bass,0.04156,0.7397
P,Fretless Bass,0.12941,0.2532
P,Upright Bass,0.04417,0.5133
P,Poly Bass,0.23638,0.6053
P,Twin Bass,0.08630,0.1737
P,Digital Bass,0.07902,0.1529
P,Deep House Bass,0.04440,0.2093
P,Classic Synth Bass Glide,0.10179,0.2675
P,Sub Bass Glide,0.14698,0.2693
P,Reese Bass Glide,0.11318,0.2602
P,Pluck Bass Glide,0.02604,0.2295
P,Fat Bass Glide,0.10620,0.2060
P,Square Bass Glide,0.09890,0.1988
P,Wobble Bass Glide,0.08998,0.1969
P,FM Bass Glide,0.08272,0.2000
P,Slap Bass Glide,0.05987,0.1999
P,Finger Bass Glide,0.05913,0.5856
P,Pick Bass Glide,0.03858,0.7397
P,Upright Bass Glide,0.06676,0.6028
P,Poly Bass Glide,0.11388,0.2354
P,Twin Bass Glide,0.08631,0.1800
P,Digital Bass Glide,0.07496,0.1519
P,Deep House Bass Glide,0.04343,0.2122
P,Classic Synth Bass Drive,0.22857,0.4155
P,Sub Bass Drive,0.28535,0.4130
P,Acid Bass Drive,0.20266,0.4391
P,Reese Bass Drive,0.27482,0.4606
P,Pluck Bass Drive,0.06440,0.4076
P,Fat Bass Drive,0.27375,0.4204
P,Square Bass Drive,0.26372,0.4460
P,Wobble Bass Drive,0.21629,0.4321
P,FM Bass Drive,0.24527,0.4572
P,Slap Bass Drive,0.20090,0.4667
P,Finger Bass Drive,0.11335,0.4760
P,Pick Bass Drive,0.16696,0.5155
P,Fretless Bass Drive,0.25021,0.4559
P,Upright Bass Drive,0.13016,0.4610
P,Poly Bass Drive,0.32781,0.5214
P,Twin Bass Drive,0.22133,0.4200
P,Digital Bass Drive,0.23494,0.4085
P,Deep House Bass Drive,0.16676,0.3839
P,Classic Synth Bass Dark,0.10037,0.2671
P,Sub Bass Dark,0.12010,0.2545
P,Acid Bass Dark,0.01916,0.1707
P,Reese Bass Dark,0.10689,0.2402
P,Pluck Bass Dark,0.02058,0.2372
P,Fat Bass Dark,0.09304,0.2082
P,Square Bass Dark,0.09813,0.1984
P,Wobble Bass Dark,0.05247,0.1463
P,FM Bass Dark,0.08690,0.2179
P,Slap Bass Dark,0.06186,0.2170
P,Finger Bass Dark,0.05033,0.4649
P,Pick Bass Dark,0.04007,0.7397
P,Warm Pad,0.12328,0.4846
P,Sweep Pad,0.10934,0.4780
P,Glass Pad,0.16737,0.7269
P,PWM Pad,0.21504,0.7397
P,Dark Pad,0.13035,0.5891
P,Dream Pad,0.15155,0.7397
P,Evolving Wave,0.05065,0.3936
P,Space Pad,0.15362,0.6981
P,Hollow Pad,0.10836,0.5494
P,Analog Choir,0.15759,0.6445
P,Poly Pad,0.12311,0.4697
P,Fifths Pad,0.11401,0.5212
P,Soft Sine Pad,0.14477,0.6070
P,Twin Pad,0.18461,0.7397
P,FM Pad,0.19457,0.5713
P,Cinematic Pad,0.08977,0.5308
P,Warm Pad Space,0.13606,0.6509
P,Sweep Pad Space,0.12506,0.6039
P,Glass Pad Space,0.17455,0.7397
P,PWM Pad Space,0.22152,0.7397
P,Dark Pad Space,0.15512,0.7383
P,Dream Pad Space,0.18804,0.7397
P,Evolving Wave Space,0.06439,0.3949
P,Space Pad Space,0.16232,0.7397
P,Hollow Pad Space,0.12681,0.6364
P,Analog Choir Space,0.14840,0.6359
P,Poly Pad Space,0.12614,0.4799
P,Fifths Pad Space,0.12311,0.6398
P,Soft Sine Pad Space,0.15333,0.6643
P,Twin Pad Space,0.18324,0.7397
P,FM Pad Space,0.21066,0.6250
P,Cinematic Pad Space,0.09888,0.5412
P,Warm Pad Motion,0.12731,0.6045
P,Sweep Pad Motion,0.12661,0.5884
P,Glass Pad Motion,0.15252,0.6884
P,PWM Pad Motion,0.20456,0.7397
P,Dark Pad Motion,0.12800,0.5389
P,Dream Pad Motion,0.14496,0.6638
P,Evolving Wave Motion,0.04756,0.2940
P,Space Pad Motion,0.15476,0.6539
P,Hollow Pad Motion,0.11268,0.5690
P,Analog Choir Motion,0.15582,0.6823
P,Poly Pad Motion,0.14498,0.5472
P,Fifths Pad Motion,0.11918,0.5180
P,Soft Sine Pad Motion,0.13275,0.5818
P,Twin Pad Motion,0.17959,0.7359
P,FM Pad Motion,0.19442,0.5701
P,Cinematic Pad Motion,0.08713,0.5046
P,Warm Pad Dark,0.10063,0.4425
P,Sweep Pad Dark,0.12397,0.5797
P,Glass Pad Dark,0.14871,0.7321
P,PWM Pad Dark,0.18679,0.6493
P,Dark Pad Dark,0.10552,0.4222
P,Dream Pad Dark,0.11995,0.6361
P,Evolving Wave Dark,0.04007,0.2719
P,Space Pad Dark,0.16042,0.6522
P,Hollow Pad Dark,0.16587,0.6919
P,Analog Choir Dark,0.13121,0.6012
P,Poly Pad Dark,0.13787,0.5754
P,Fifths Pad Dark,0.08806,0.3896
P,Soft Sine Pad Dark,0.15593,0.6372
P,Twin Pad Dark,0.17007,0.7135
P,FM Pad Dark,0.19310,0.5702
P,Cinematic Pad Dark,0.06271,0.3171
P,Poly Synth,0.19243,0.6317
P,80s Poly,0.14431,0.4717
P,Synth Pluck,0.05320,0.4699
P,Sync Pluck,0.04772,0.5088
P,Super Saw,0.15065,0.5362
P,Trance Pluck,0.03849,0.4483
P,Square Keys,0.29717,0.7397
P,Chord Stab,0.02872,0.2798
P,Digital Keys,0.20344,0.6649
P,Bell Pluck,0.09360,0.6249
P,Juno Keys,0.28708,0.7397
P,Brass Keys,0.20235,0.6350
P,Glass Keys,0.12468,0.5068
P,Twin Stab,0.05548,0.4177
P,Hoover,0.06982,0.2841
P,Organ Synth,0.32309,0.7397
P,Poly Synth Echo,0.21266,0.6276
P,80s Poly Echo,0.13874,0.4493
P,Synth Pluck Echo,0.05477,0.6130
P,Sync Pluck Echo,0.05033,0.5625
P,Super Saw Echo,0.13487,0.5250
P,Trance Pluck Echo,0.04191,0.5918
P,Square Keys Echo,0.31150,0.7397
P,Chord Stab Echo,0.03714,0.3607
P,Digital Keys Echo,0.21744,0.6649
P,Bell Pluck Echo,0.09509,0.6270
P,Juno Keys Echo,0.32009,0.7397
P,Brass Keys Echo,0.18309,0.6222
P,Glass Keys Echo,0.11472,0.5524
P,Twin Stab Echo,0.06229,0.4169
P,Hoover Echo,0.07963,0.2919
P,Organ Synth Echo,0.32846,0.7397
P,Poly Synth Bright,0.19386,0.6311
P,80s Poly Bright,0.12674,0.3968
P,Synth Pluck Bright,0.05273,0.5221
P,Sync Pluck Bright,0.04914,0.4654
P,Super Saw Bright,0.14773,0.5566
P,Trance Pluck Bright,0.03784,0.4478
P,Square Keys Bright,0.31438,0.7397
P,Chord Stab Bright,0.03735,0.3629
P,Digital Keys Bright,0.20426,0.6675
P,Bell Pluck Bright,0.09483,0.6370
P,Juno Keys Bright,0.28714,0.7397
P,Brass Keys Bright,0.20724,0.6390
P,Glass Keys Bright,0.14246,0.5350
P,Twin Stab Bright,0.05646,0.4046
P,Hoover Bright,0.07619,0.2893
P,Organ Synth Bright,0.31833,0.7397
P,Poly Synth Dark,0.19370,0.6223
P,80s Poly Dark,0.12159,0.3909
P,Synth Pluck Dark,0.04181,0.4548
P,Sync Pluck Dark,0.04159,0.4802
P,Super Saw Dark,0.15684,0.5197
P,Trance Pluck Dark,0.02967,0.4197
P,Square Keys Dark,0.30943,0.7397
P,Chord Stab Dark,0.04126,0.4821
P,Digital Keys Dark,0.21235,0.6611
P,Bell Pluck Dark,0.09525,0.6296
P,Juno Keys Dark,0.31216,0.7254
P,Brass Keys Dark,0.17132,0.5603
P,Glass Keys Dark,0.12381,0.5187
P,Twin Stab Dark,0.05394,0.3960
P,Hoover Dark,0.07121,0.2401
P,Organ Synth Dark,0.31931,0.7397
P,Saw Lead,0.10621,0.3414
P,Square Lead,0.17846,0.3924
P,Sync Lead,0.09195,0.3042
P,Fifth Lead,0.09340,0.2799
P,Fat Lead,0.09881,0.3420
P,Scream Lead,0.19086,0.4089
P,Whistle Lead,0.13291,0.2972
P,Pulse Lead,0.21657,0.4524
P,Portamento Lead,0.09672,0.3621
P,Chip Lead,0.04433,0.1585
P,FM Lead,0.14613,0.3884
P,Theremin,0.14118,0.3928
P,Prog Lead,0.09054,0.3153
P,Poly Lead,0.07828,0.2091
P,Wave Lead,0.08187,0.2368
P,Mini Lead,0.09538,0.3069
P,Saw Lead Echo,0.10349,0.3351
P,Square Lead Echo,0.18085,0.4008
P,Sync Lead Echo,0.09309,0.2753
P,Fifth Lead Echo,0.09450,0.2873
P,Fat Lead Echo,0.12088,0.3262
P,Scream Lead Echo,0.18986,0.4084
P,Whistle Lead Echo,0.12504,0.3086
P,Pulse Lead Echo,0.22157,0.4540
P,Portamento Lead Echo,0.09739,0.3744
P,Chip Lead Echo,0.05073,0.1697
P,FM Lead Echo,0.14736,0.3887
P,Theremin Echo,0.14567,0.4075
P,Prog Lead Echo,0.09282,0.3169
P,Poly Lead Echo,0.08033,0.2017
P,Wave Lead Echo,0.07896,0.2164
P,Mini Lead Echo,0.09579,0.3311
P,Saw Lead Drive,0.30377,0.7397
P,Square Lead Drive,0.35961,0.7054
P,Sync Lead Drive,0.26481,0.6539
P,Fifth Lead Drive,0.27429,0.6592
P,Fat Lead Drive,0.31189,0.6826
P,Scream Lead Drive,0.30389,0.5975
P,Whistle Lead Drive,0.31116,0.6596
P,Pulse Lead Drive,0.34041,0.7397
P,Portamento Lead Drive,0.28540,0.7011
P,Chip Lead Drive,0.16396,0.4085
P,FM Lead Drive,0.31078,0.7142
P,Theremin Drive,0.33118,0.7397
P,Prog Lead Drive,0.28250,0.6805
P,Poly Lead Drive,0.26530,0.5958
P,Wave Lead Drive,0.28588,0.6253
P,Mini Lead Drive,0.26890,0.7194
P,Portamento Lead Glide,0.09789,0.3469
P,Chip Lead Glide,0.04525,0.2049
P,Saw Lead Dark,0.09670,0.2967
P,Square Lead Dark,0.17103,0.3703
P,Sync Lead Dark,0.07889,0.2322
P,Fifth Lead Dark,0.08734,0.2503
P,Fat Lead Dark,0.10140,0.3424
P,Scream Lead Dark,0.19565,0.4041
P,Whistle Lead Dark,0.13204,0.3433
P,Pulse Lead Dark,0.21260,0.4284
P,Portamento Lead Dark,0.09430,0.3181
P,Chip Lead Dark,0.04350,0.1374
P,FM Lead Dark,0.13164,0.3475
P,Theremin Dark,0.14345,0.3935
P,Prog Lead Dark,0.09419,0.3126
P,Poly Lead Dark,0.07088,0.1689
P,Filter Wobble,0.17392,0.6109
P,S&H Bubbles,0.30623,0.7397
P,Pulsing Pad,0.08898,0.4638
P,Phase Sweep,0.10173,0.4556
P,Flanged Pad,0.12053,0.5076
P,Auto Pan Keys,0.13562,0.6270
P,Moving Choir,0.15068,0.6443
P,Wah Motion,0.16160,0.6500
P,Gated Pad,0.09017,0.4529
P,Resonant Sweep,0.19840,0.6645
P,Vowel Morph,0.24363,0.7397
P,Pulse Width Dance,0.30894,0.7397
P,Rhythmic Wave,0.02753,0.1184
P,Rotor Synth,0.25501,0.7205
P,FM Motion,0.23648,0.7397
P,Twin Sweep,0.19317,0.6802
P,Filter Wobble Fast,0.18501,0.5538
P,S&H Bubbles Fast,0.30979,0.7397
P,Pulsing Pad Fast,0.11853,0.5646
P,Phase Sweep Fast,0.10487,0.5693
P,Flanged Pad Fast,0.11522,0.5599
P,Auto Pan Keys Fast,0.13634,0.6297
P,Moving Choir Fast,0.16771,0.6958
P,Wah Motion Fast,0.16047,0.7137
P,Gated Pad Fast,0.09782,0.4520
P,Resonant Sweep Fast,0.21683,0.7397
P,Vowel Morph Fast,0.23873,0.7397
P,Pulse Width Dance Fast,0.29708,0.7397
P,Rhythmic Wave Fast,0.03167,0.1308
P,Rotor Synth Fast,0.26051,0.7397
P,FM Motion Fast,0.22919,0.7397
P,Twin Sweep Fast,0.16572,0.6159
P,Filter Wobble Space,0.24602,0.7359
P,S&H Bubbles Space,0.30821,0.7397
P,Pulsing Pad Space,0.09910,0.4774
P,Phase Sweep Space,0.10587,0.5030
P,Flanged Pad Space,0.14709,0.6635
P,Auto Pan Keys Space,0.19848,0.7286
P,Moving Choir Space,0.19384,0.7309
P,Wah Motion Space,0.21853,0.7397
P,Gated Pad Space,0.08093,0.4492
P,Resonant Sweep Space,0.23289,0.7397
P,Vowel Morph Space,0.25118,0.7397
P,Pulse Width Dance Space,0.31586,0.7397
P,Rhythmic Wave Space,0.04799,0.2073
P,Rotor Synth Space,0.29310,0.7397
P,FM Motion Space,0.21608,0.7397
P,Twin Sweep Space,0.23014,0.7327
P,Filter Wobble Dark,0.13257,0.5235
P,S&H Bubbles Dark,0.28877,0.7397
P,Pulsing Pad Dark,0.07110,0.3224
P,Phase Sweep Dark,0.11215,0.5132
P,Flanged Pad Dark,0.08678,0.3909
P,Auto Pan Keys Dark,0.14496,0.6151
P,Moving Choir Dark,0.15915,0.6437
P,Wah Motion Dark,0.08220,0.4243
P,Gated Pad Dark,0.08357,0.4144
P,Resonant Sweep Dark,0.15843,0.6164
P,Vowel Morph Dark,0.25112,0.7397
P,Pulse Width Dance Dark,0.31531,0.7397
P,Rhythmic Wave Dark,0.02766,0.1049
P,Rotor Synth Dark,0.24507,0.7235
P,FM Motion Dark,0.22405,0.7397
P,Twin Sweep Dark,0.17531,0.6546
P,Laser Zap,0.05398,0.6257
P,Riser,0.03025,0.1715
P,Downer,0.15707,0.6366
P,Siren,0.15618,0.4638
P,Alarm,0.16857,0.4905
P,UFO,0.27928,0.7397
P,Bubbles,0.27447,0.7397
P,Thunder,0.16706,0.6290
P,Wind,0.10932,0.6821
P,Ocean Waves,0.07369,0.3360
P,Rain,0.08893,0.4870
P,Radio Noise,0.13063,0.6056
P,Robot Voice,0.09475,0.2791
P,Metal Hit,0.17959,0.7397
P,Glitch,0.03446,0.3608
P,Space Drone,0.05467,0.2590
P,Dark Drone,0.10476,0.5522
P,Heart Thump,0.04531,0.3643
P,Telephone,0.10637,0.4543
P,Laser Zap Space,0.09163,0.5692
P,Riser Space,0.03860,0.1997
P,Downer Space,0.15944,0.5999
P,Siren Space,0.23499,0.7397
P,Alarm Space,0.27133,0.7397
P,UFO Space,0.27711,0.7397
P,Bubbles Space,0.28941,0.7397
P,Thunder Space,0.23170,0.7397
P,Wind Space,0.11898,0.6766
P,Ocean Waves Space,0.08017,0.3211
P,Rain Space,0.08904,0.4792
P,Radio Noise Space,0.18873,0.7384
P,Robot Voice Space,0.12485,0.4054
P,Metal Hit Space,0.22011,0.7397
P,Glitch Space,0.07119,0.4586
P,Space Drone Space,0.05124,0.2908
P,Dark Drone Space,0.11862,0.6398
P,Heart Thump Space,0.05590,0.3779
P,Telephone Space,0.14583,0.6441
P,Laser Zap Echo,0.05298,0.5061
P,Riser Echo,0.03018,0.1540
P,Downer Echo,0.12375,0.5418
P,Siren Echo,0.15837,0.4463
P,Alarm Echo,0.17032,0.4437
P,UFO Echo,0.28119,0.7397
P,Bubbles Echo,0.28138,0.7397
P,Thunder Echo,0.19063,0.7218
P,Wind Echo,0.10860,0.6259
P,Ocean Waves Echo,0.07636,0.3511
P,Rain Echo,0.09250,0.5041
P,Radio Noise Echo,0.13398,0.5603
P,Robot Voice Echo,0.09467,0.3262
P,Metal Hit Echo,0.18120,0.7397
P,Glitch Echo,0.04096,0.3941
P,Space Drone Echo,0.05285,0.2618
P,Dark Drone Echo,0.10504,0.5526
P,Heart Thump Echo,0.04239,0.3717
P,Telephone Echo,0.11978,0.5478
P,Laser Zap Dark,0.04115,0.3722
P,Riser Dark,0.01448,0.0829
P,Downer Dark,0.12021,0.4580
P,Siren Dark,0.13334,0.4255
P,Alarm Dark,0.14700,0.3936
P,UFO Dark,0.27968,0.7397
P,Bubbles Dark,0.25965,0.7397
P,Orchestra Hit,0.05532,0.3612
P,Synth Hit,0.05464,0.3580
P,Brass Hit,0.06469,0.4501
P,Choir Hit,0.05140,0.3589
P,Rave Stab,0.09351,0.5087
P,Pluck Arp,0.07340,0.3101
P,Arp Bells,0.16567,0.6142
P,Arp Bass,0.09178,0.2726
P,Trance Gate,0.15864,0.6147
P,Random Blips,0.07947,0.3359
P,Chord Arp,0.09334,0.4199
P,Sequence Pluck,0.05345,0.3382
P,Harp Arp,0.18393,0.7397
P,Glass Arp,0.10278,0.5033
P,Twin Seq,0.06477,0.3017
P,Orchestral Stab,0.05096,0.4205
P,Orchestra Hit Hall,0.08621,0.4923
P,Synth Hit Hall,0.06781,0.4288
P,Brass Hit Hall,0.07336,0.4053
P,Choir Hit Hall,0.06040,0.3207
P,Rave Stab Hall,0.15517,0.7397
P,Pluck Arp Hall,0.11092,0.5692
P,Arp Bells Hall,0.19391,0.7397
P,Arp Bass Hall,0.12195,0.4284
P,Trance Gate Hall,0.19461,0.7038
P,Random Blips Hall,0.11038,0.5350
P,Chord Arp Hall,0.15280,0.6404
P,Sequence Pluck Hall,0.08586,0.4750
P,Harp Arp Hall,0.21707,0.7397
P,Glass Arp Hall,0.12213,0.5159
P,Twin Seq Hall,0.09774,0.4621
P,Orchestral Stab Hall,0.05857,0.3066
P,Orchestra Hit Echo,0.06752,0.3890
P,Synth Hit Echo,0.05341,0.4460
P,Brass Hit Echo,0.06651,0.4675
P,Choir Hit Echo,0.05314,0.3081
P,Rave Stab Echo,0.09463,0.5327
P,Pluck Arp Echo,0.06865,0.3050
P,Arp Bells Echo,0.16482,0.6094
P,Arp Bass Echo,0.09622,0.3293
P,Trance Gate Echo,0.17604,0.6732
P,Random Blips Echo,0.07617,0.3375
P,Chord Arp Echo,0.09282,0.3952
P,Sequence Pluck Echo,0.05322,0.3018
P,Harp Arp Echo,0.18704,0.7303
P,Glass Arp Echo,0.09978,0.5038
P,Twin Seq Echo,0.06540,0.2811
P,Orchestral Stab Echo,0.04406,0.3404
P,Pluck Arp UpDown,0.05421,0.2689
P,Arp Bells UpDown,0.12264,0.4878
P,Arp Bass UpDown,0.09023,0.2634
P,Trance Gate UpDown,0.09026,0.3494
P,Random Blips UpDown,0.05566,0.2997
P,Chord Arp UpDown,0.05880,0.1914
P,Sequence Pluck UpDown,0.03937,0.2702
P,Harp Arp UpDown,0.14930,0.6276
P,Glass Arp UpDown,0.07624,0.3286
P,Twin Seq UpDown,0.08323,0.2676
P,Pluck Arp Random,0.06766,0.3400
P,Arp Bells Random,0.14302,0.5148
P,Arp Bass Random,0.07049,0.2747
P,Trance Gate Random,0.06971,0.3200
P,Random Blips Random,0.07667,0.3352
P,Chord Arp Random,0.05029,0.1901
P,Standard Kit,0.14765,0.7397
P,Electro Kit,0.17945,0.7397
P,Dance Kit,0.16175,0.7397
P,Rock Kit,0.08506,0.7397
P,Jazz Kit,0.15045,0.7397
P,Brush Kit,0.16100,0.7397
P,Trap Kit,0.21508,0.7397
P,Techno Kit,0.16795,0.6801
P,House Kit,0.16451,0.7397
P,Industrial Kit,0.29678,0.7397
P,Lo-Fi Kit,0.13938,0.7397
P,Vintage Kit,0.12309,0.7397
P,Percussion Kit,0.15038,0.7397
P,Hip-Hop Kit,0.08947,0.7397
P,Big Room Kit,0.21183,0.7397
P,Minimal Kit,0.13054,0.7397
P,Standard Kit Room,0.14781,0.7397
P,Electro Kit Room,0.18718,0.7397
P,Dance Kit Room,0.16309,0.7397
P,Rock Kit Room,0.07862,0.7397
P,Jazz Kit Room,0.14756,0.7397
P,Brush Kit Room,0.16295,0.7397
P,Trap Kit Room,0.21848,0.7397
P,Techno Kit Room,0.16318,0.6932
P,House Kit Room,0.16296,0.7397
P,Industrial Kit Room,0.29301,0.7397
P,Lo-Fi Kit Room,0.13693,0.7397
P,Vintage Kit Room,0.13134,0.7397
P,Percussion Kit Room,0.15343,0.7397
P,Hip-Hop Kit Room,0.09115,0.7397
P,Big Room Kit Room,0.17921,0.7397
P,Minimal Kit Room,0.13084,0.7397
P,Standard Kit Hall,0.19649,0.7397
P,Electro Kit Hall,0.20446,0.7397
P,Dance Kit Hall,0.20860,0.7397
P,Rock Kit Hall,0.11595,0.7397
P,Jazz Kit Hall,0.20568,0.7397
P,Brush Kit Hall,0.21845,0.7397
P,Trap Kit Hall,0.24761,0.7397
P,Techno Kit Hall,0.20775,0.7397
P,House Kit Hall,0.20841,0.7397
P,Industrial Kit Hall,0.29346,0.7397
P,Lo-Fi Kit Hall,0.21867,0.7397
P,Vintage Kit Hall,0.18807,0.7397
P,Percussion Kit Hall,0.20241,0.7397
P,Hip-Hop Kit Hall,0.11972,0.7397
P,Big Room Kit Hall,0.20852,0.7397
P,Minimal Kit Hall,0.18551,0.7397
P,Standard Kit Tight,0.13091,0.7397
P,Electro Kit Tight,0.14415,0.7397
P,Dance Kit Tight,0.14286,0.7397
P,Rock Kit Tight,0.08476,0.7397
P,Jazz Kit Tight,0.14592,0.7397
P,Brush Kit Tight,0.15794,0.7397
P,Trap Kit Tight,0.18721,0.7397
P,Techno Kit Tight,0.13845,0.7157
P,House Kit Tight,0.14600,0.7397
P,Industrial Kit Tight,0.27159,0.7397
P,Lo-Fi Kit Tight,0.12226,0.7397
P,Vintage Kit Tight,0.11120,0.7397
P,Percussion Kit Tight,0.13299,0.7397
P,Hip-Hop Kit Tight,0.08464,0.7397
P,Big Room Kit Tight,0.18829,0.7397
P,Minimal Kit Tight,0.12124,0.7397
C,Grand & Strings,0.17228,0.6668
C,Grand & Warm Pad,0.14037,0.6525
C,Tine & Pad,0.16634,0.6452
C,Piano & Choir,0.21665,0.6676
C,Bass / Grand Split,0.11330,0.7203
C,EP / Bass Split,0.15039,0.7088
C,Grand & Bells,0.11044,0.6668
C,Felt & Air,0.24807,0.7397
C,Dyno & Strings,0.15778,0.6531
C,Reed & Organ,0.26501,0.7012
C,Organ / Bass Split,0.25225,0.7397
C,Gospel Layer,0.32235,0.7397
C,Rock Organ & Piano,0.34703,0.7090
C,Cathedral,0.22959,0.7397
C,Organ & Strings,0.29070,0.7243
C,Soul Split,0.25302,0.7397
C,Pipes & Bells,0.32385,0.7397
C,Combo Organ & Bass,0.28767,0.7375
C,Bell Choir,0.25180,0.7397
C,Celesta & Strings,0.21521,0.6662
C,Vibes & Bass,0.12547,0.7397
C,Marimba Layer,0.08690,0.7397
C,Music Box Dream,0.13406,0.6652
C,Glass Garden,0.16006,0.6028
C,Gamelan Orchestra,0.24115,0.7397
C,Bell Pad Layer,0.28352,0.7397
C,Strings & Horns,0.22223,0.7397
C,String Octaves,0.24718,0.7397
C,Cellos / Violins,0.17868,0.5437
C,Strings & Choir,0.16053,0.6306
C,Pizz & Arco,0.04612,0.4516
C,Machine & Analog,0.16025,0.5973
C,Tremolo Ensemble,0.25872,0.7397
C,Hybrid Orchestra,0.15573,0.6225
C,Vector Pads,0.18104,0.6844
C,Dream Layers,0.18001,0.7397
C,Analog Heaven,0.19456,0.7397
C,Dark Matter,0.14270,0.6237
C,Cinema Swell,0.11315,0.5678
C,Sweep & Air,0.12426,0.5976
C,Evolving Worlds,0.07252,0.4517
C,Fifth Dimension,0.12987,0.6082
C,Big Band,0.20529,0.7238
C,Synth Brass Stack,0.18342,0.6106
C,Horns & Strings,0.19464,0.6761
C,Tuba / Trumpet,0.13530,0.4647
C,Reed Section,0.20569,0.5505
C,Brass Swell Pad,0.18389,0.6859
C,Sax / Bass,0.16691,0.6350
C,Funk Horns,0.13547,0.4843
C,Full Orchestra,0.22943,0.7397
C,Epic Strings,0.24675,0.7397
C,Woodwind Choir,0.13597,0.3752
C,Harp & Strings,0.15792,0.7397
C,Orchestra Hit Layer,0.06600,0.4285
C,Celesta Orchestra,0.20718,0.6574
C,Choir & Orchestra,0.20779,0.7397
C,Pizz Ensemble,0.10637,0.7397
C,Koto Garden,0.12625,0.7397
C,Sitar Drone,0.14376,0.7397
C,Pan Flute & Harp,0.30296,0.7397
C,Island Steel,0.10740,0.7397
C,Bayou,0.35010,0.7397
C,Oud & Strings,0.15161,0.7397
C,Gamelan Night,0.24300,0.7397
C,Paris Café,0.24482,0.7397
C,Acoustic Duo,0.11652,0.7397
C,12-String & Pad,0.10887,0.7397
C,Bass / Clean Guitar,0.09129,0.7397
C,Rock Section,0.35862,0.7397
C,Ambient Strums,0.14351,0.7397
C,Funk Section,0.08562,0.7397
C,Harp & Guitar,0.17601,0.7397
C,Mandolin & Dulcimer,0.09108,0.7397
C,Synth Bass / Lead,0.13048,0.4334
C,Acid / Pad,0.12499,0.5027
C,Reese / Pluck,0.12664,0.4875
C,Sub / Super Saw,0.19954,0.6044
C,FM Bass / Keys,0.19928,0.6589
C,Fretless / EP,0.18016,0.6365
C,Upright / Vibes,0.11708,0.6887
C,Deep House Split,0.06096,0.5039
C,Poly Stack,0.20803,0.6417
C,Super Stack,0.15796,0.5793
C,Juno & Strings,0.28636,0.7343
C,Glass & Bell,0.12131,0.6581
C,Brass Keys Layer,0.21328,0.6512
C,Twin Stack,0.24276,0.7106
C,Hoover Rave,0.09400,0.4279
C,Digital Dream,0.21849,0.6742
C,Dual Lead,0.11981,0.4538
C,Lead & Pad,0.10005,0.3793
C,Fat Fifths,0.11198,0.3650
C,Prog Rock,0.32072,0.6448
C,Theremin Space,0.16975,0.5599
C,Chip Duo,0.06494,0.2000
C,Screaming Layer,0.19302,0.4528
C,Bass & Mini Lead,0.13702,0.3963
C,Vector Motion,0.19120,0.6968
C,Bubbling Pads,0.31587,0.7397
C,Gated Choir,0.12880,0.5251
C,Flange & Phase,0.16348,0.6982
C,Wah Funk,0.16865,0.7397
C,Resonant Worlds,0.19754,0.7343
C,Rhythmic Layers,0.19071,0.6377
C,Vector Synths,0.25130,0.7397
C,Storm,0.14721,0.7094
C,Sci-Fi Lab,0.29010,0.7397
C,Alarm Zone,0.19696,0.6324
C,Big Hit,0.08624,0.5243
C,Riser & Drop,0.05945,0.1991
C,Drone Field,0.09525,0.4746
C,Glitch Machine,0.09862,0.5044
C,Seaside,0.09708,0.5647
C,Arp & Pad,0.06023,0.2828
C,Bell Cascade,0.16707,0.6338
C,Trance Engine,0.19875,0.7397
C,Random Stars,0.07720,0.3556
C,Harp Glissando,0.19020,0.7397
C,Sequencer,0.08311,0.4138
C,Chord Machine,0.17807,0.6278
C,Twin Groove,0.08527,0.3365
C,Drums / Bass,0.12335,0.7095
C,Electro / Lead,0.13988,0.4831
C,House / Stabs,0.11032,0.5936
C,Rock / Organ,0.35142,0.7397
C,Jazz Trio,0.13762,0.6903
C,Trap / Bells,0.12228,0.6568
C,Techno / Acid,0.19240,0.5397
C,Hip-Hop / Keys,0.13189,0.7397